"MA","AR"
24.1213024338086,23.4952229142189
