"MA","AR"
26.9240351835887,24.7682181517283
