"MA","AR"
24.5651498993238,24.9181114514669
